n,algorithm,case,search_key,comparisons,theory
1000,Linear,"Best: key is 1st record",762163974,1,"1"
1000,Linear,"Worst: key is last record",663093799,1000,"n = 1,000"
1000,Linear,"Worst: absent (reg no + 1)",192511210,1000,"n = 1,000"
1000,Linear,"Own reg no (found)",192511209,519,"its position = 519"
1000,Linear,"Average: 500 random present",,491.622,"(n+1)/2 = 500.5"
1000,Binary,"Best: key at middle of index",551004358,1,"1"
1000,Binary,"Worst: key > largest key",999773243,10,"floor(log2 n)+1 = 10"
1000,Binary,"Absent: reg no + 1",192511210,10,"~log2(n+1) = 9.97"
1000,Binary,"Own reg no (found)",192511209,10,"<= 10"
1000,Binary,"Average: 500 random present",,8.986,"~log2(n+1)-1 = 8.97"
1000,Hash,"Best: key at head of a chain",115640087,1,"1"
1000,Hash,"Best absent: empty bucket",100000837,0,"0"
1000,Hash,"Worst: end of longest chain",614992672,6,"longest chain = 6"
1000,Hash,"Absent: reg no + 1",192511210,0,"its chain length = 0"
1000,Hash,"Own reg no (found)",192511209,2,"its place in its chain"
1000,Hash,"Average: 500 random present",,1.414,"1+alpha/2 = 1.367"
10000,Linear,"Best: key is 1st record",639968901,1,"1"
10000,Linear,"Worst: key is last record",733612997,10000,"n = 10,000"
10000,Linear,"Worst: absent (reg no + 1)",192511210,10000,"n = 10,000"
10000,Linear,"Own reg no (found)",192511209,1149,"its position = 1,149"
10000,Linear,"Average: 500 random present",,5037.066,"(n+1)/2 = 5000.5"
10000,Binary,"Best: key at middle of index",549481790,1,"1"
10000,Binary,"Worst: key > largest key",999849450,14,"floor(log2 n)+1 = 14"
10000,Binary,"Absent: reg no + 1",192511210,13,"~log2(n+1) = 13.29"
10000,Binary,"Own reg no (found)",192511209,12,"<= 14"
10000,Binary,"Average: 500 random present",,12.292,"~log2(n+1)-1 = 12.29"
10000,Hash,"Best: key at head of a chain",694964399,1,"1"
10000,Hash,"Best absent: empty bucket",100000826,0,"0"
10000,Hash,"Worst: end of longest chain",916101468,6,"longest chain = 6"
10000,Hash,"Absent: reg no + 1",192511210,0,"its chain length = 0"
10000,Hash,"Own reg no (found)",192511209,2,"its place in its chain"
10000,Hash,"Average: 500 random present",,1.356,"1+alpha/2 = 1.375"
100000,Linear,"Best: key is 1st record",889941292,1,"1"
100000,Linear,"Worst: key is last record",890994331,100000,"n = 100,000"
100000,Linear,"Worst: absent (reg no + 1)",192511210,100000,"n = 100,000"
100000,Linear,"Own reg no (found)",192511209,57487,"its position = 57,487"
100000,Linear,"Average: 500 random present",,51139.914,"(n+1)/2 = 50000.5"
100000,Binary,"Best: key at middle of index",550647813,1,"1"
100000,Binary,"Worst: key > largest key",999989536,17,"floor(log2 n)+1 = 17"
100000,Binary,"Absent: reg no + 1",192511210,17,"~log2(n+1) = 16.61"
100000,Binary,"Own reg no (found)",192511209,16,"<= 17"
100000,Binary,"Average: 500 random present",,15.638,"~log2(n+1)-1 = 15.61"
100000,Hash,"Best: key at head of a chain",661618195,1,"1"
100000,Hash,"Best absent: empty bucket",100002750,0,"0"
100000,Hash,"Worst: end of longest chain",363471279,8,"longest chain = 8"
100000,Hash,"Absent: reg no + 1",192511210,1,"its chain length = 1"
100000,Hash,"Own reg no (found)",192511209,1,"its place in its chain"
100000,Hash,"Average: 500 random present",,1.382,"1+alpha/2 = 1.375"
1000000,Linear,"Best: key is 1st record",240975095,1,"1"
1000000,Linear,"Worst: key is last record",892733869,1000000,"n = 1,000,000"
1000000,Linear,"Worst: absent (reg no + 1)",192511210,1000000,"n = 1,000,000"
1000000,Linear,"Own reg no (found)",192511209,339457,"its position = 339,457"
1000000,Linear,"Average: 500 random present",,507564.134,"(n+1)/2 = 500000.5"
1000000,Binary,"Best: key at middle of index",550171466,1,"1"
1000000,Binary,"Worst: key > largest key",999999525,20,"floor(log2 n)+1 = 20"
1000000,Binary,"Absent: reg no + 1",192511210,20,"~log2(n+1) = 19.93"
1000000,Binary,"Own reg no (found)",192511209,20,"<= 20"
1000000,Binary,"Average: 500 random present",,18.986,"~log2(n+1)-1 = 18.93"
1000000,Hash,"Best: key at head of a chain",494675449,1,"1"
1000000,Hash,"Best absent: empty bucket",100001775,0,"0"
1000000,Hash,"Worst: end of longest chain",158843242,7,"longest chain = 7"
1000000,Hash,"Absent: reg no + 1",192511210,1,"its chain length = 1"
1000000,Hash,"Own reg no (found)",192511209,2,"its place in its chain"
1000000,Hash,"Average: 500 random present",,1.314,"1+alpha/2 = 1.375"
