reg_no,name,n,algorithm,preprocess_ms,preprocess_basic_ops,theory_preprocess_ops,queries,avg_comp_found,theory_comp_found,avg_comp_absent,theory_comp_absent,avg_comp_all,max_comp,us_per_search,search_ms_total,total_ms,correct,load_factor,longest_chain
192511209,"Jason Joshva M J",1000,Linear search,0,0,0,1000,491.622,500.5,1000,1000,745.811,1000,0.23564770318,0.23564770318,0.23564770318,1000,0.734753857458,6
192511209,"Jason Joshva M J",1000,Binary search,0.0254408929026,8696,9965,1000,8.986,8.96722625884,9.98,9.96722625884,9.483,10,0.0305094264796,0.0305094264796,0.0559503193821,1000,0.734753857458,6
192511209,"Jason Joshva M J",1000,Hash table,0.0034970974454,1000,1000,1000,1.414,1.3670095518,0.76,0.734753857458,1.087,6,0.00292326176243,0.00292326176243,0.00642035920783,1000,0.734753857458,6
192511209,"Jason Joshva M J",10000,Linear search,0,0,0,1000,5037.066,5000.5,10000,10000,7518.533,10000,2.8727028169,2.8727028169,2.8727028169,1000,0.749793806703,6
192511209,"Jason Joshva M J",10000,Binary search,0.982108333333,120412,132877,1000,12.292,12.2878566418,13.39,13.2878566418,12.841,14,0.0556582915971,0.0556582915971,1.03776662493,1000,0.749793806703,6
192511209,"Jason Joshva M J",10000,Hash table,0.0934315740308,10000,10000,1000,1.356,1.37485941366,0.8,0.749793806703,1.078,5,0.00268511243875,0.00268511243875,0.0961166864696,1000,0.749793806703,6
192511209,"Jason Joshva M J",100000,Linear search,0,0,0,1000,51139.914,50000.5,100000,100000,75569.957,100000,50.05245,50.05245,50.05245,1000,0.749979375567,8
192511209,"Jason Joshva M J",100000,Binary search,9.92581904762,1536478,1660964,1000,15.638,15.6096549013,16.674,16.6096549013,16.156,17,0.0774651045701,0.0774651045701,10.0032841522,1000,0.749979375567,8
192511209,"Jason Joshva M J",100000,Hash table,1.17647470588,100000,100000,1000,1.382,1.37498593789,0.788,0.749979375567,1.085,6,0.00359416130539,0.00359416130539,1.18006886719,1000,0.749979375567,8
192511209,"Jason Joshva M J",1000000,Linear search,0,0,0,1000,507564.134,500000.5,1000000,1000000,753782.067,1000000,1536.3384,1536.3384,1536.3384,1000,0.749986687736,7
192511209,"Jason Joshva M J",1000000,Binary search,128.15235,18674676,19931568,1000,18.986,18.931570012,19.94,19.931570012,19.463,20,0.162939413681,0.162939413681,128.315289414,1000,0.749986687736,7
192511209,"Jason Joshva M J",1000000,Hash table,13.8715533333,1000000,1000000,1000,1.314,1.37499296887,0.732,0.749986687736,1.023,5,0.00444014519137,0.00444014519137,13.8759934785,1000,0.749986687736,7
